mysql> select idZasobu, ilosc from zasob join kreatura where idKreatury = '1';
+----------+-------+
| idZasobu | ilosc |
+----------+-------+
|        1 |     3 |
|        2 |     1 |
|        3 |     1 |
|        4 |     2 |
|        5 |    12 |
|        6 |    30 |
|        7 |     1 |
|        8 |    30 |
|        9 |     2 |
|       10 |   120 |
|       11 |    20 |
|       12 |    30 |
|       13 |    40 |
|       14 |     2 |
|       15 |  1000 |
|       16 |     7 |
|       17 |     9 |
|       18 |     1 |
|       19 |    10 |
|       20 |     3 |
|       21 |   300 |
|       22 |   120 |
|       23 |     1 |
|       24 |     1 |
|       25 |     1 |
|       26 |     4 |
|       27 |     1 |
|       28 |     7 |
+----------+-------+
28 rows in set (0.00 sec)

mysql> select idZasobu,ilosc FROM zasob join kreatura;
+----------+-------+
| idZasobu | ilosc |
+----------+-------+
|        1 |     3 |
|        1 |     3 |
|        1 |     3 |
|        1 |     3 |
|        1 |     3 |
|        1 |     3 |
|        1 |     3 |
|        1 |     3 |
|        1 |     3 |
|        1 |     3 |
|        1 |     3 |
|        1 |     3 |
|        1 |     3 |
|        1 |     3 |
|        1 |     3 |
|        1 |     3 |
|        1 |     3 |
|        1 |     3 |
|        1 |     3 |
|        1 |     3 |
|        2 |     1 |
|        2 |     1 |
|        2 |     1 |
|        2 |     1 |
|        2 |     1 |
|        2 |     1 |
|        2 |     1 |
|        2 |     1 |
|        2 |     1 |
|        2 |     1 |
|        2 |     1 |
|        2 |     1 |
|        2 |     1 |
|        2 |     1 |
|        2 |     1 |
|        2 |     1 |
|        2 |     1 |
|        2 |     1 |
|        2 |     1 |
|        2 |     1 |
|        3 |     1 |
|        3 |     1 |
|        3 |     1 |
|        3 |     1 |
|        3 |     1 |
|        3 |     1 |
|        3 |     1 |
|        3 |     1 |
|        3 |     1 |
|        3 |     1 |
|        3 |     1 |
|        3 |     1 |
|        3 |     1 |
|        3 |     1 |
|        3 |     1 |
|        3 |     1 |
|        3 |     1 |
|        3 |     1 |
|        3 |     1 |
|        3 |     1 |
|        4 |     2 |
|        4 |     2 |
|        4 |     2 |
|        4 |     2 |
|        4 |     2 |
|        4 |     2 |
|        4 |     2 |
|        4 |     2 |
|        4 |     2 |
|        4 |     2 |
|        4 |     2 |
|        4 |     2 |
|        4 |     2 |
|        4 |     2 |
|        4 |     2 |
|        4 |     2 |
|        4 |     2 |
|        4 |     2 |
|        4 |     2 |
|        4 |     2 |
|        5 |    12 |
|        5 |    12 |
|        5 |    12 |
|        5 |    12 |
|        5 |    12 |
|        5 |    12 |
|        5 |    12 |
|        5 |    12 |
|        5 |    12 |
|        5 |    12 |
|        5 |    12 |
|        5 |    12 |
|        5 |    12 |
|        5 |    12 |
|        5 |    12 |
|        5 |    12 |
|        5 |    12 |
|        5 |    12 |
|        5 |    12 |
|        5 |    12 |
|        6 |    30 |
|        6 |    30 |
|        6 |    30 |
|        6 |    30 |
|        6 |    30 |
|        6 |    30 |
|        6 |    30 |
|        6 |    30 |
|        6 |    30 |
|        6 |    30 |
|        6 |    30 |
|        6 |    30 |
|        6 |    30 |
|        6 |    30 |
|        6 |    30 |
|        6 |    30 |
|        6 |    30 |
|        6 |    30 |
|        6 |    30 |
|        6 |    30 |
|        7 |     1 |
|        7 |     1 |
|        7 |     1 |
|        7 |     1 |
|        7 |     1 |
|        7 |     1 |
|        7 |     1 |
|        7 |     1 |
|        7 |     1 |
|        7 |     1 |
|        7 |     1 |
|        7 |     1 |
|        7 |     1 |
|        7 |     1 |
|        7 |     1 |
|        7 |     1 |
|        7 |     1 |
|        7 |     1 |
|        7 |     1 |
|        7 |     1 |
|        8 |    30 |
|        8 |    30 |
|        8 |    30 |
|        8 |    30 |
|        8 |    30 |
|        8 |    30 |
|        8 |    30 |
|        8 |    30 |
|        8 |    30 |
|        8 |    30 |
|        8 |    30 |
|        8 |    30 |
|        8 |    30 |
|        8 |    30 |
|        8 |    30 |
|        8 |    30 |
|        8 |    30 |
|        8 |    30 |
|        8 |    30 |
|        8 |    30 |
|        9 |     2 |
|        9 |     2 |
|        9 |     2 |
|        9 |     2 |
|        9 |     2 |
|        9 |     2 |
|        9 |     2 |
|        9 |     2 |
|        9 |     2 |
|        9 |     2 |
|        9 |     2 |
|        9 |     2 |
|        9 |     2 |
|        9 |     2 |
|        9 |     2 |
|        9 |     2 |
|        9 |     2 |
|        9 |     2 |
|        9 |     2 |
|        9 |     2 |
|       10 |   120 |
|       10 |   120 |
|       10 |   120 |
|       10 |   120 |
|       10 |   120 |
|       10 |   120 |
|       10 |   120 |
|       10 |   120 |
|       10 |   120 |
|       10 |   120 |
|       10 |   120 |
|       10 |   120 |
|       10 |   120 |
|       10 |   120 |
|       10 |   120 |
|       10 |   120 |
|       10 |   120 |
|       10 |   120 |
|       10 |   120 |
|       10 |   120 |
|       11 |    20 |
|       11 |    20 |
|       11 |    20 |
|       11 |    20 |
|       11 |    20 |
|       11 |    20 |
|       11 |    20 |
|       11 |    20 |
|       11 |    20 |
|       11 |    20 |
|       11 |    20 |
|       11 |    20 |
|       11 |    20 |
|       11 |    20 |
|       11 |    20 |
|       11 |    20 |
|       11 |    20 |
|       11 |    20 |
|       11 |    20 |
|       11 |    20 |
|       12 |    30 |
|       12 |    30 |
|       12 |    30 |
|       12 |    30 |
|       12 |    30 |
|       12 |    30 |
|       12 |    30 |
|       12 |    30 |
|       12 |    30 |
|       12 |    30 |
|       12 |    30 |
|       12 |    30 |
|       12 |    30 |
|       12 |    30 |
|       12 |    30 |
|       12 |    30 |
|       12 |    30 |
|       12 |    30 |
|       12 |    30 |
|       12 |    30 |
|       13 |    40 |
|       13 |    40 |
|       13 |    40 |
|       13 |    40 |
|       13 |    40 |
|       13 |    40 |
|       13 |    40 |
|       13 |    40 |
|       13 |    40 |
|       13 |    40 |
|       13 |    40 |
|       13 |    40 |
|       13 |    40 |
|       13 |    40 |
|       13 |    40 |
|       13 |    40 |
|       13 |    40 |
|       13 |    40 |
|       13 |    40 |
|       13 |    40 |
|       14 |     2 |
|       14 |     2 |
|       14 |     2 |
|       14 |     2 |
|       14 |     2 |
|       14 |     2 |
|       14 |     2 |
|       14 |     2 |
|       14 |     2 |
|       14 |     2 |
|       14 |     2 |
|       14 |     2 |
|       14 |     2 |
|       14 |     2 |
|       14 |     2 |
|       14 |     2 |
|       14 |     2 |
|       14 |     2 |
|       14 |     2 |
|       14 |     2 |
|       15 |  1000 |
|       15 |  1000 |
|       15 |  1000 |
|       15 |  1000 |
|       15 |  1000 |
|       15 |  1000 |
|       15 |  1000 |
|       15 |  1000 |
|       15 |  1000 |
|       15 |  1000 |
|       15 |  1000 |
|       15 |  1000 |
|       15 |  1000 |
|       15 |  1000 |
|       15 |  1000 |
|       15 |  1000 |
|       15 |  1000 |
|       15 |  1000 |
|       15 |  1000 |
|       15 |  1000 |
|       16 |     7 |
|       16 |     7 |
|       16 |     7 |
|       16 |     7 |
|       16 |     7 |
|       16 |     7 |
|       16 |     7 |
|       16 |     7 |
|       16 |     7 |
|       16 |     7 |
|       16 |     7 |
|       16 |     7 |
|       16 |     7 |
|       16 |     7 |
|       16 |     7 |
|       16 |     7 |
|       16 |     7 |
|       16 |     7 |
|       16 |     7 |
|       16 |     7 |
|       17 |     9 |
|       17 |     9 |
|       17 |     9 |
|       17 |     9 |
|       17 |     9 |
|       17 |     9 |
|       17 |     9 |
|       17 |     9 |
|       17 |     9 |
|       17 |     9 |
|       17 |     9 |
|       17 |     9 |
|       17 |     9 |
|       17 |     9 |
|       17 |     9 |
|       17 |     9 |
|       17 |     9 |
|       17 |     9 |
|       17 |     9 |
|       17 |     9 |
|       18 |     1 |
|       18 |     1 |
|       18 |     1 |
|       18 |     1 |
|       18 |     1 |
|       18 |     1 |
|       18 |     1 |
|       18 |     1 |
|       18 |     1 |
|       18 |     1 |
|       18 |     1 |
|       18 |     1 |
|       18 |     1 |
|       18 |     1 |
|       18 |     1 |
|       18 |     1 |
|       18 |     1 |
|       18 |     1 |
|       18 |     1 |
|       18 |     1 |
|       19 |    10 |
|       19 |    10 |
|       19 |    10 |
|       19 |    10 |
|       19 |    10 |
|       19 |    10 |
|       19 |    10 |
|       19 |    10 |
|       19 |    10 |
|       19 |    10 |
|       19 |    10 |
|       19 |    10 |
|       19 |    10 |
|       19 |    10 |
|       19 |    10 |
|       19 |    10 |
|       19 |    10 |
|       19 |    10 |
|       19 |    10 |
|       19 |    10 |
|       20 |     3 |
|       20 |     3 |
|       20 |     3 |
|       20 |     3 |
|       20 |     3 |
|       20 |     3 |
|       20 |     3 |
|       20 |     3 |
|       20 |     3 |
|       20 |     3 |
|       20 |     3 |
|       20 |     3 |
|       20 |     3 |
|       20 |     3 |
|       20 |     3 |
|       20 |     3 |
|       20 |     3 |
|       20 |     3 |
|       20 |     3 |
|       20 |     3 |
|       21 |   300 |
|       21 |   300 |
|       21 |   300 |
|       21 |   300 |
|       21 |   300 |
|       21 |   300 |
|       21 |   300 |
|       21 |   300 |
|       21 |   300 |
|       21 |   300 |
|       21 |   300 |
|       21 |   300 |
|       21 |   300 |
|       21 |   300 |
|       21 |   300 |
|       21 |   300 |
|       21 |   300 |
|       21 |   300 |
|       21 |   300 |
|       21 |   300 |
|       22 |   120 |
|       22 |   120 |
|       22 |   120 |
|       22 |   120 |
|       22 |   120 |
|       22 |   120 |
|       22 |   120 |
|       22 |   120 |
|       22 |   120 |
|       22 |   120 |
|       22 |   120 |
|       22 |   120 |
|       22 |   120 |
|       22 |   120 |
|       22 |   120 |
|       22 |   120 |
|       22 |   120 |
|       22 |   120 |
|       22 |   120 |
|       22 |   120 |
|       23 |     1 |
|       23 |     1 |
|       23 |     1 |
|       23 |     1 |
|       23 |     1 |
|       23 |     1 |
|       23 |     1 |
|       23 |     1 |
|       23 |     1 |
|       23 |     1 |
|       23 |     1 |
|       23 |     1 |
|       23 |     1 |
|       23 |     1 |
|       23 |     1 |
|       23 |     1 |
|       23 |     1 |
|       23 |     1 |
|       23 |     1 |
|       23 |     1 |
|       24 |     1 |
|       24 |     1 |
|       24 |     1 |
|       24 |     1 |
|       24 |     1 |
|       24 |     1 |
|       24 |     1 |
|       24 |     1 |
|       24 |     1 |
|       24 |     1 |
|       24 |     1 |
|       24 |     1 |
|       24 |     1 |
|       24 |     1 |
|       24 |     1 |
|       24 |     1 |
|       24 |     1 |
|       24 |     1 |
|       24 |     1 |
|       24 |     1 |
|       25 |     1 |
|       25 |     1 |
|       25 |     1 |
|       25 |     1 |
|       25 |     1 |
|       25 |     1 |
|       25 |     1 |
|       25 |     1 |
|       25 |     1 |
|       25 |     1 |
|       25 |     1 |
|       25 |     1 |
|       25 |     1 |
|       25 |     1 |
|       25 |     1 |
|       25 |     1 |
|       25 |     1 |
|       25 |     1 |
|       25 |     1 |
|       25 |     1 |
|       26 |     4 |
|       26 |     4 |
|       26 |     4 |
|       26 |     4 |
|       26 |     4 |
|       26 |     4 |
|       26 |     4 |
|       26 |     4 |
|       26 |     4 |
|       26 |     4 |
|       26 |     4 |
|       26 |     4 |
|       26 |     4 |
|       26 |     4 |
|       26 |     4 |
|       26 |     4 |
|       26 |     4 |
|       26 |     4 |
|       26 |     4 |
|       26 |     4 |
|       27 |     1 |
|       27 |     1 |
|       27 |     1 |
|       27 |     1 |
|       27 |     1 |
|       27 |     1 |
|       27 |     1 |
|       27 |     1 |
|       27 |     1 |
|       27 |     1 |
|       27 |     1 |
|       27 |     1 |
|       27 |     1 |
|       27 |     1 |
|       27 |     1 |
|       27 |     1 |
|       27 |     1 |
|       27 |     1 |
|       27 |     1 |
|       27 |     1 |
|       28 |     7 |
|       28 |     7 |
|       28 |     7 |
|       28 |     7 |
|       28 |     7 |
|       28 |     7 |
|       28 |     7 |
|       28 |     7 |
|       28 |     7 |
|       28 |     7 |
|       28 |     7 |
|       28 |     7 |
|       28 |     7 |
|       28 |     7 |
|       28 |     7 |
|       28 |     7 |
|       28 |     7 |
|       28 |     7 |
|       28 |     7 |
|       28 |     7 |
+----------+-------+
560 rows in set (0.00 sec)

mysql> select * from kreatura where rodzaj !='wiedzma' and udzwig >=50;
+------------+-----------+--------+------------+------+--------+
| idKreatury | nazwa     | rodzaj | dataUr     | waga | udzwig |
+------------+-----------+--------+------------+------+--------+
|          1 | Bjorn     | wiking | 1670-04-01 |   99 |     80 |
|          2 | Brutal    | wiking | 1672-12-24 |  120 |     85 |
|          3 | Khorad    | wiking | 1671-07-15 |  105 |     81 |
|          4 | Birgun    | wiking | 1675-05-11 |   88 |     66 |
|          5 | Defgard   | wiking | 1674-07-05 |  100 |     72 |
|          7 | Ibra      | wiking | 1674-02-03 |  105 |     87 |
|          8 | Bjolkolur | wiking | 1676-03-30 |  110 |     93 |
|         13 | Szczeki   | ryba   | 1674-04-06 | 2100 |    600 |
|         16 | Dziadek   | wiking | 1645-01-23 |   54 |    100 |
+------------+-----------+--------+------------+------+--------+
9 rows in set (0.00 sec)

mysql> select * from zasob where waga between '30' and '70';
+----------+---------------+-------+-------+----------------+---------+
| idZasobu | nazwa         | waga  | ilosc | dataPozyskania | rodzaj  |
+----------+---------------+-------+-------+----------------+---------+
|       16 | skora geparda | 30.00 |     7 | 2013-07-25     | ubranie |
+----------+---------------+-------+-------+----------------+---------+
1 row in set (0.00 sec)

mysql> select * from zasob where waga between '2' and '5';
+----------+-------------------+------+-------+----------------+--------------------+
| idZasobu | nazwa             | waga | ilosc | dataPozyskania | rodzaj             |
+----------+-------------------+------+-------+----------------+--------------------+
|        1 | kokos             | 2.00 |     3 | 2007-07-23     | jedzenie           |
|        3 | kokos             | 4.00 |     1 | 2004-09-03     | jedzenie           |
|        5 | banan             | 2.00 |    12 | 2015-11-09     | jedzenie           |
|       14 | buty              | 2.00 |     2 | 2010-08-15     | ubranie            |
|       18 | topor             | 3.00 |     1 | 2000-01-25     | narzedzie zbrodni  |
|       19 | dzida             | 2.00 |    10 | 2001-03-21     | narzedzie zbrodni  |
|       23 | hamak             | 2.00 |     1 | 2001-01-17     | miejsce wypoczynku |
|       24 | chatka na drzewie | 2.00 |     1 | 2012-08-17     | miejsce wypoczynku |
|       25 | nie wiadomo co    | 4.00 |     1 | 2001-08-10     | NULL               |
|       27 | miotla            | 3.00 |     1 | 2005-10-10     | NULL               |
+----------+-------------------+------+-------+----------------+--------------------+
10 rows in set (0.00 sec)

mysql> select * from kreatura where nazwa like '%or%' and udzwig between '30' and '80';
+------------+-------+--------+------------+------+--------+
| idKreatury | nazwa | rodzaj | dataUr     | waga | udzwig |
+------------+-------+--------+------------+------+--------+
|          1 | Bjorn | wiking | 1670-04-01 |   99 |     80 |
+------------+-------+--------+------------+------+--------+
1 row in set (0.00 sec)

mysql> select * from kreatura where nazwa like '%or%' and udzwig between '30' and '80';
+------------+-------+--------+------------+------+--------+
| idKreatury | nazwa | rodzaj | dataUr     | waga | udzwig |
+------------+-------+--------+------------+------+--------+
|          1 | Bjorn | wiking | 1670-04-01 |   99 |     80 |
+------------+-------+--------+------------+------+--------+
1 row in set (0.00 sec)

mysql> select * from zasob where waga between '2' and '5';
+----------+-------------------+------+-------+----------------+--------------------+
| idZasobu | nazwa             | waga | ilosc | dataPozyskania | rodzaj             |
+----------+-------------------+------+-------+----------------+--------------------+
|        1 | kokos             | 2.00 |     3 | 2007-07-23     | jedzenie           |
|        3 | kokos             | 4.00 |     1 | 2004-09-03     | jedzenie           |
|        5 | banan             | 2.00 |    12 | 2015-11-09     | jedzenie           |
|       14 | buty              | 2.00 |     2 | 2010-08-15     | ubranie            |
|       18 | topor             | 3.00 |     1 | 2000-01-25     | narzedzie zbrodni  |
|       19 | dzida             | 2.00 |    10 | 2001-03-21     | narzedzie zbrodni  |
|       23 | hamak             | 2.00 |     1 | 2001-01-17     | miejsce wypoczynku |
|       24 | chatka na drzewie | 2.00 |     1 | 2012-08-17     | miejsce wypoczynku |
|       25 | nie wiadomo co    | 4.00 |     1 | 2001-08-10     | NULL               |
|       27 | miotla            | 3.00 |     1 | 2005-10-10     | NULL               |
+----------+-------------------+------+-------+----------------+--------------------+
10 rows in set (0.00 sec)

mysql> select * from zasob where month(dataPozyskania) = 7 or month(dataPozyskania) = 8;
+----------+-------------------+--------+-------+----------------+--------------------+
| idZasobu | nazwa             | waga   | ilosc | dataPozyskania | rodzaj             |
+----------+-------------------+--------+-------+----------------+--------------------+
|        1 | kokos             |   2.00 |     3 | 2007-07-23     | jedzenie           |
|        7 | krokodyl          | 100.00 |     1 | 2005-07-14     | jedzenie           |
|        8 | bataty            |   1.00 |    30 | 2002-07-01     | jedzenie           |
|        9 | opos              |  12.00 |     2 | 2006-08-01     | jedzenie           |
|       12 | stanik            |   0.40 |    30 | 2004-07-15     | NULL               |
|       13 | stanik            |   0.20 |    40 | 2012-08-15     | NULL               |
|       14 | buty              |   2.00 |     2 | 2010-08-15     | ubranie            |
|       16 | skora geparda     |  30.00 |     7 | 2013-07-25     | ubranie            |
|       24 | chatka na drzewie |   2.00 |     1 | 2012-08-17     | miejsce wypoczynku |
|       25 | nie wiadomo co    |   4.00 |     1 | 2001-08-10     | NULL               |
|       26 | ogien do ziania   |   1.00 |     4 | 2002-08-10     | NULL               |
|       28 | banan             |   1.00 |     7 | 2008-08-21     | jedzenie           |
+----------+-------------------+--------+-------+----------------+--------------------+
12 rows in set (0.00 sec)

mysql> select * from zasob where rodzaj IS NOT NULL order by waga;
+----------+-------------------+--------+-------+----------------+--------------------+
| idZasobu | nazwa             | waga   | ilosc | dataPozyskania | rodzaj             |
+----------+-------------------+--------+-------+----------------+--------------------+
|       21 | pnacza            |   0.10 |   300 | 2010-02-17     | material budowlany |
|       15 | lisc palmowy      |   0.10 |  1000 | 2001-03-25     | ubranie            |
|       22 | deski             |   0.50 |   120 | 2008-02-17     | material budowlany |
|       28 | banan             |   1.00 |     7 | 2008-08-21     | jedzenie           |
|       20 | luk               |   1.00 |     3 | 2003-04-17     | narzedzie zbrodni  |
|       17 | kiel slonia       |   1.00 |     9 | 2003-01-25     | ubranie            |
|        8 | bataty            |   1.00 |    30 | 2002-07-01     | jedzenie           |
|        6 | figa              |   1.00 |    30 | 2001-12-14     | jedzenie           |
|       14 | buty              |   2.00 |     2 | 2010-08-15     | ubranie            |
|        5 | banan             |   2.00 |    12 | 2015-11-09     | jedzenie           |
|       19 | dzida             |   2.00 |    10 | 2001-03-21     | narzedzie zbrodni  |
|       23 | hamak             |   2.00 |     1 | 2001-01-17     | miejsce wypoczynku |
|       24 | chatka na drzewie |   2.00 |     1 | 2012-08-17     | miejsce wypoczynku |
|        1 | kokos             |   2.00 |     3 | 2007-07-23     | jedzenie           |
|       18 | topor             |   3.00 |     1 | 2000-01-25     | narzedzie zbrodni  |
|        3 | kokos             |   4.00 |     1 | 2004-09-03     | jedzenie           |
|        4 | kokos             |   7.00 |     2 | 2010-10-13     | jedzenie           |
|        9 | opos              |  12.00 |     2 | 2006-08-01     | jedzenie           |
|        2 | siekiera          |  13.00 |     1 | 1974-01-04     | narzedzie          |
|       16 | skora geparda     |  30.00 |     7 | 2013-07-25     | ubranie            |
|        7 | krokodyl          | 100.00 |     1 | 2005-07-14     | jedzenie           |
+----------+-------------------+--------+-------+----------------+--------------------+
21 rows in set (0.00 sec)

mysql> select * from zasob where rodzaj IS NOT NULL order by waga asc;
+----------+-------------------+--------+-------+----------------+--------------------+
| idZasobu | nazwa             | waga   | ilosc | dataPozyskania | rodzaj             |
+----------+-------------------+--------+-------+----------------+--------------------+
|       21 | pnacza            |   0.10 |   300 | 2010-02-17     | material budowlany |
|       15 | lisc palmowy      |   0.10 |  1000 | 2001-03-25     | ubranie            |
|       22 | deski             |   0.50 |   120 | 2008-02-17     | material budowlany |
|       28 | banan             |   1.00 |     7 | 2008-08-21     | jedzenie           |
|       20 | luk               |   1.00 |     3 | 2003-04-17     | narzedzie zbrodni  |
|       17 | kiel slonia       |   1.00 |     9 | 2003-01-25     | ubranie            |
|        8 | bataty            |   1.00 |    30 | 2002-07-01     | jedzenie           |
|        6 | figa              |   1.00 |    30 | 2001-12-14     | jedzenie           |
|       14 | buty              |   2.00 |     2 | 2010-08-15     | ubranie            |
|        5 | banan             |   2.00 |    12 | 2015-11-09     | jedzenie           |
|       19 | dzida             |   2.00 |    10 | 2001-03-21     | narzedzie zbrodni  |
|       23 | hamak             |   2.00 |     1 | 2001-01-17     | miejsce wypoczynku |
|       24 | chatka na drzewie |   2.00 |     1 | 2012-08-17     | miejsce wypoczynku |
|        1 | kokos             |   2.00 |     3 | 2007-07-23     | jedzenie           |
|       18 | topor             |   3.00 |     1 | 2000-01-25     | narzedzie zbrodni  |
|        3 | kokos             |   4.00 |     1 | 2004-09-03     | jedzenie           |
|        4 | kokos             |   7.00 |     2 | 2010-10-13     | jedzenie           |
|        9 | opos              |  12.00 |     2 | 2006-08-01     | jedzenie           |
|        2 | siekiera          |  13.00 |     1 | 1974-01-04     | narzedzie          |
|       16 | skora geparda     |  30.00 |     7 | 2013-07-25     | ubranie            |
|        7 | krokodyl          | 100.00 |     1 | 2005-07-14     | jedzenie           |
+----------+-------------------+--------+-------+----------------+--------------------+
21 rows in set (0.00 sec)

mysql> select * from kreatura;
+------------+----------------------------+----------+------------+------+--------+
| idKreatury | nazwa                      | rodzaj   | dataUr     | waga | udzwig |
+------------+----------------------------+----------+------------+------+--------+
|          1 | Bjorn                      | wiking   | 1670-04-01 |   99 |     80 |
|          2 | Brutal                     | wiking   | 1672-12-24 |  120 |     85 |
|          3 | Khorad                     | wiking   | 1671-07-15 |  105 |     81 |
|          4 | Birgun                     | wiking   | 1675-05-11 |   88 |     66 |
|          5 | Defgard                    | wiking   | 1674-07-05 |  100 |     72 |
|          6 | Astrid                     | wiking   | 1677-08-18 |   75 |     49 |
|          7 | Ibra                       | wiking   | 1674-02-03 |  105 |     87 |
|          8 | Bjolkolur                  | wiking   | 1676-03-30 |  110 |     93 |
|          9 | Nemo                       | ryba     | 1677-10-02 |    1 |      1 |
|         10 | Loko                       | waz      | 1677-10-05 |    3 |      4 |
|         11 | Drozd                      | ptak     | 1675-07-07 |    2 |      1 |
|         12 | Ara                        | ptak     | 1676-05-05 |    2 |      1 |
|         13 | Szczeki                    | ryba     | 1674-04-06 | 2100 |    600 |
|         14 | Tesciowa                   | wiedzma  | 1655-10-01 |   65 |     40 |
|         15 | Tiki                       | malpa    | 1672-08-08 |   32 |     25 |
|         16 | Dziadek                    | wiking   | 1645-01-23 |   54 |    100 |
|         17 | sztuczna szczeka tesciowej | wiedzma  | 1680-08-13 |    2 |      1 |
|         18 | Tesciowa dziadka           | wiedzma  | 1630-04-30 |   78 |     12 |
|         19 | Gollum                     | poczwara | 1100-10-10 | NULL |   NULL |
|        100 | Babajaga                   | wiedzma  | 1000-01-01 |   20 |   1000 |
+------------+----------------------------+----------+------------+------+--------+
20 rows in set (0.00 sec)

mysql> select * from kreatura order by dataUr desc limit 5;
+------------+----------------------------+---------+------------+------+--------+
| idKreatury | nazwa                      | rodzaj  | dataUr     | waga | udzwig |
+------------+----------------------------+---------+------------+------+--------+
|         17 | sztuczna szczeka tesciowej | wiedzma | 1680-08-13 |    2 |      1 |
|         10 | Loko                       | waz     | 1677-10-05 |    3 |      4 |
|          9 | Nemo                       | ryba    | 1677-10-02 |    1 |      1 |
|          6 | Astrid                     | wiking  | 1677-08-18 |   75 |     49 |
|         12 | Ara                        | ptak    | 1676-05-05 |    2 |      1 |
+------------+----------------------------+---------+------------+------+--------+
5 rows in set (0.00 sec)

mysql> select distinct rodzaj from zasob;
+--------------------+
| rodzaj             |
+--------------------+
| jedzenie           |
| narzedzie          |
| NULL               |
| ubranie            |
| narzedzie zbrodni  |
| material budowlany |
| miejsce wypoczynku |
+--------------------+
7 rows in set (0.00 sec)

mysql> select concat(nazwa,'-',rodzaj) as 'nazwa-rodzaj' from kreatura where rodzaj like 'wi%';
+------------------------------------+
| nazwa-rodzaj                       |
+------------------------------------+
| Bjorn-wiking                       |
| Brutal-wiking                      |
| Khorad-wiking                      |
| Birgun-wiking                      |
| Defgard-wiking                     |
| Astrid-wiking                      |
| Ibra-wiking                        |
| Bjolkolur-wiking                   |
| Tesciowa-wiedzma                   |
| Dziadek-wiking                     |
| sztuczna szczeka tesciowej-wiedzma |
| Tesciowa dziadka-wiedzma           |
| Babajaga-wiedzma                   |
+------------------------------------+
13 rows in set (0.00 sec)

mysql> select ilosc*waga from zasob;
+------------+
| ilosc*waga |
+------------+
|       6.00 |
|      13.00 |
|       4.00 |
|      14.00 |
|      24.00 |
|      30.00 |
|     100.00 |
|      30.00 |
|      24.00 |
|      24.00 |
|       6.00 |
|      12.00 |
|       8.00 |
|       4.00 |
|     100.00 |
|     210.00 |
|       9.00 |
|       3.00 |
|      20.00 |
|       3.00 |
|      30.00 |
|      60.00 |
|       2.00 |
|       2.00 |
|       4.00 |
|       4.00 |
|       3.00 |
|       7.00 |
+------------+
28 rows in set (0.00 sec)

mysql> select * from zasob;
+----------+-------------------+--------+-------+----------------+--------------------+
| idZasobu | nazwa             | waga   | ilosc | dataPozyskania | rodzaj             |
+----------+-------------------+--------+-------+----------------+--------------------+
|        1 | kokos             |   2.00 |     3 | 2007-07-23     | jedzenie           |
|        2 | siekiera          |  13.00 |     1 | 1974-01-04     | narzedzie          |
|        3 | kokos             |   4.00 |     1 | 2004-09-03     | jedzenie           |
|        4 | kokos             |   7.00 |     2 | 2010-10-13     | jedzenie           |
|        5 | banan             |   2.00 |    12 | 2015-11-09     | jedzenie           |
|        6 | figa              |   1.00 |    30 | 2001-12-14     | jedzenie           |
|        7 | krokodyl          | 100.00 |     1 | 2005-07-14     | jedzenie           |
|        8 | bataty            |   1.00 |    30 | 2002-07-01     | jedzenie           |
|        9 | opos              |  12.00 |     2 | 2006-08-01     | jedzenie           |
|       10 | stanik            |   0.20 |   120 | 2004-06-01     | NULL               |
|       11 | stanik            |   0.30 |    20 | 2004-06-15     | NULL               |
|       12 | stanik            |   0.40 |    30 | 2004-07-15     | NULL               |
|       13 | stanik            |   0.20 |    40 | 2012-08-15     | NULL               |
|       14 | buty              |   2.00 |     2 | 2010-08-15     | ubranie            |
|       15 | lisc palmowy      |   0.10 |  1000 | 2001-03-25     | ubranie            |
|       16 | skora geparda     |  30.00 |     7 | 2013-07-25     | ubranie            |
|       17 | kiel slonia       |   1.00 |     9 | 2003-01-25     | ubranie            |
|       18 | topor             |   3.00 |     1 | 2000-01-25     | narzedzie zbrodni  |
|       19 | dzida             |   2.00 |    10 | 2001-03-21     | narzedzie zbrodni  |
|       20 | luk               |   1.00 |     3 | 2003-04-17     | narzedzie zbrodni  |
|       21 | pnacza            |   0.10 |   300 | 2010-02-17     | material budowlany |
|       22 | deski             |   0.50 |   120 | 2008-02-17     | material budowlany |
|       23 | hamak             |   2.00 |     1 | 2001-01-17     | miejsce wypoczynku |
|       24 | chatka na drzewie |   2.00 |     1 | 2012-08-17     | miejsce wypoczynku |
|       25 | nie wiadomo co    |   4.00 |     1 | 2001-08-10     | NULL               |
|       26 | ogien do ziania   |   1.00 |     4 | 2002-08-10     | NULL               |
|       27 | miotla            |   3.00 |     1 | 2005-10-10     | NULL               |
|       28 | banan             |   1.00 |     7 | 2008-08-21     | jedzenie           |
+----------+-------------------+--------+-------+----------------+--------------------+
28 rows in set (0.00 sec)

mysql> select ilosc*waga from zasob where dataPozyskania between '2000' and '2007;'
    -> ;
Empty set, 56 warnings (0.00 sec)

mysql> select ilosc*waga from zasob where dataPozyskania between '2000' and '2007';
Empty set, 56 warnings (0.00 sec)

mysql> select ilosc*waga from zasob where year(dataPozyskania) between '2000' and '2007';
+------------+
| ilosc*waga |
+------------+
|       6.00 |
|       4.00 |
|      30.00 |
|     100.00 |
|      30.00 |
|      24.00 |
|      24.00 |
|       6.00 |
|      12.00 |
|     100.00 |
|       9.00 |
|       3.00 |
|      20.00 |
|       3.00 |
|       2.00 |
|       4.00 |
|       4.00 |
|       3.00 |
+------------+
18 rows in set (0.00 sec)

mysql> select ilosc*waga,dataPozyskania from zasob where year(dataPozyskania) between '2000' and '2007';
+------------+----------------+
| ilosc*waga | dataPozyskania |
+------------+----------------+
|       6.00 | 2007-07-23     |
|       4.00 | 2004-09-03     |
|      30.00 | 2001-12-14     |
|     100.00 | 2005-07-14     |
|      30.00 | 2002-07-01     |
|      24.00 | 2006-08-01     |
|      24.00 | 2004-06-01     |
|       6.00 | 2004-06-15     |
|      12.00 | 2004-07-15     |
|     100.00 | 2001-03-25     |
|       9.00 | 2003-01-25     |
|       3.00 | 2000-01-25     |
|      20.00 | 2001-03-21     |
|       3.00 | 2003-04-17     |
|       2.00 | 2001-01-17     |
|       4.00 | 2001-08-10     |
|       4.00 | 2002-08-10     |
|       3.00 | 2005-10-10     |
+------------+----------------+
18 rows in set (0.00 sec)

mysql> select idZasobu,nazwa ,ilosc*waga,dataPozyskania from zasob where year(dataPozyskania) between '20            00'
+----------+-----------------+------------+----------------+
| idZasobu | nazwa           | ilosc*waga | dataPozyskania |
+----------+-----------------+------------+----------------+
|        1 | kokos           |       6.00 | 2007-07-23     |
|        3 | kokos           |       4.00 | 2004-09-03     |
|        6 | figa            |      30.00 | 2001-12-14     |
|        7 | krokodyl        |     100.00 | 2005-07-14     |
|        8 | bataty          |      30.00 | 2002-07-01     |
|        9 | opos            |      24.00 | 2006-08-01     |
|       10 | stanik          |      24.00 | 2004-06-01     |
|       11 | stanik          |       6.00 | 2004-06-15     |
|       12 | stanik          |      12.00 | 2004-07-15     |
|       15 | lisc palmowy    |     100.00 | 2001-03-25     |
|       17 | kiel slonia     |       9.00 | 2003-01-25     |
|       18 | topor           |       3.00 | 2000-01-25     |
|       19 | dzida           |      20.00 | 2001-03-21     |
|       20 | luk             |       3.00 | 2003-04-17     |
|       23 | hamak           |       2.00 | 2001-01-17     |
|       25 | nie wiadomo co  |       4.00 | 2001-08-10     |
|       26 | ogien do ziania |       4.00 | 2002-08-10     |
|       27 | miotla          |       3.00 | 2005-10-10     |
+----------+-----------------+------------+----------------+
18 rows in set (0.00 sec)

mysql> select nazwa,waga*0,7 as 'waga netto',waga*0,3 as 'waga odpakow' from zasob where rodzaj='jedzenie            ';
+----------+--------+------------+--------+--------------+
| nazwa    | waga*0 | waga netto | waga*0 | waga odpakow |
+----------+--------+------------+--------+--------------+
| kokos    |   0.00 |          7 |   0.00 |            3 |
| kokos    |   0.00 |          7 |   0.00 |            3 |
| kokos    |   0.00 |          7 |   0.00 |            3 |
| banan    |   0.00 |          7 |   0.00 |            3 |
| figa     |   0.00 |          7 |   0.00 |            3 |
| krokodyl |   0.00 |          7 |   0.00 |            3 |
| bataty   |   0.00 |          7 |   0.00 |            3 |
| opos     |   0.00 |          7 |   0.00 |            3 |
| banan    |   0.00 |          7 |   0.00 |            3 |
+----------+--------+------------+--------+--------------+
9 rows in set (0.00 sec)

mysql> select nazwa,waga*0,7 as 'waga netto',waga*0,3 as 'waga odpakow' from zasob where rodzaj='jedzenie            ';
+----------+--------+------------+--------+--------------+
| nazwa    | waga*0 | waga netto | waga*0 | waga odpakow |
+----------+--------+------------+--------+--------------+
| kokos    |   0.00 |          7 |   0.00 |            3 |
| kokos    |   0.00 |          7 |   0.00 |            3 |
| kokos    |   0.00 |          7 |   0.00 |            3 |
| banan    |   0.00 |          7 |   0.00 |            3 |
| figa     |   0.00 |          7 |   0.00 |            3 |
| krokodyl |   0.00 |          7 |   0.00 |            3 |
| bataty   |   0.00 |          7 |   0.00 |            3 |
| opos     |   0.00 |          7 |   0.00 |            3 |
| banan    |   0.00 |          7 |   0.00 |            3 |
+----------+--------+------------+--------+--------------+
9 rows in set (0.01 sec)

mysql> select nazwa,waga*0.7 as 'waga netto',waga*0.3 as 'waga odpakow' from zasob where rodzaj='jedzenie            ';
+----------+------------+--------------+
| nazwa    | waga netto | waga odpakow |
+----------+------------+--------------+
| kokos    |       1.40 |         0.60 |
| kokos    |       2.80 |         1.20 |
| kokos    |       4.90 |         2.10 |
| banan    |       1.40 |         0.60 |
| figa     |       0.70 |         0.30 |
| krokodyl |      70.00 |        30.00 |
| bataty   |       0.70 |         0.30 |
| opos     |       8.40 |         3.60 |
| banan    |       0.70 |         0.30 |
+----------+------------+--------------+
9 rows in set (0.01 sec)

mysql> select * from zasob where rodzaj is NULL;
+----------+-----------------+------+-------+----------------+--------+
| idZasobu | nazwa           | waga | ilosc | dataPozyskania | rodzaj |
+----------+-----------------+------+-------+----------------+--------+
|       10 | stanik          | 0.20 |   120 | 2004-06-01     | NULL   |
|       11 | stanik          | 0.30 |    20 | 2004-06-15     | NULL   |
|       12 | stanik          | 0.40 |    30 | 2004-07-15     | NULL   |
|       13 | stanik          | 0.20 |    40 | 2012-08-15     | NULL   |
|       25 | nie wiadomo co  | 4.00 |     1 | 2001-08-10     | NULL   |
|       26 | ogien do ziania | 1.00 |     4 | 2002-08-10     | NULL   |
|       27 | miotla          | 3.00 |     1 | 2005-10-10     | NULL   |
+----------+-----------------+------+-------+----------------+--------+
7 rows in set (0.00 sec)

mysql> select distinct rodzaj,nazwa from zasob where (nazwa like 'Ba%' or nazwa like '%os') order by nazw
a;
+----------+--------+
| rodzaj   | nazwa  |
+----------+--------+
| jedzenie | banan  |
| jedzenie | bataty |
| jedzenie | kokos  |
| jedzenie | opos   |
+----------+--------+
4 rows in set (0.00 sec)

mysql> select distinct rodzaj,nazwa from zasob where (nazwa like '%Ba' or nazwa like '%os') order by nazw            a;
+----------+-------+
| rodzaj   | nazwa |
+----------+-------+
| jedzenie | kokos |
| jedzenie | opos  |
+----------+-------+
2 rows in set (0.00 sec)

mysql> select distinct rodzaj,nazwa from zasob where (nazwa like 'Ba%' or nazwa like '%os') order by nazw            a;
+----------+--------+
| rodzaj   | nazwa  |
+----------+--------+
| jedzenie | banan  |
| jedzenie | bataty |
| jedzenie | kokos  |
| jedzenie | opos   |
+----------+--------+
4 rows in set (0.00 sec)

mysql> select distinct rodzaj,nazwa from zasob where (nazwa like 'Ba%' or nazwa like 'os%') order by nazw            a;
+----------+--------+
| rodzaj   | nazwa  |
+----------+--------+
| jedzenie | banan  |
| jedzenie | bataty |
+----------+--------+
2 rows in set (0.00 sec)

mysql> select distinct rodzaj,nazwa from zasob where (nazwa like 'Ba%' or nazwa like '%os') order by nazw            a;
+----------+--------+
| rodzaj   | nazwa  |
+----------+--------+
| jedzenie | banan  |
| jedzenie | bataty |
| jedzenie | kokos  |
| jedzenie | opos   |
+----------+--------+
4 rows in set (0.01 sec)
