login as: kruszewskim
kruszewskim@213.184.8.36's password:
Linux bad2 4.10.17-1-pve #1 SMP PVE 4.10.17-16 (Tue, 11 Jul 2017 09:55:44 +0200)                                      x86_64

The programs included with the Debian GNU/Linux system are free software;
the exact distribution terms for each program are described in the
individual files in /usr/share/doc/*/copyright.

Debian GNU/Linux comes with ABSOLUTELY NO WARRANTY, to the extent
permitted by applicable law.
Last login: Thu Nov 24 14:18:12 2022 from 213.184.8.151
kruszewskim@bad2:~$ mysql -u kruszewskim -p
Enter password:
Welcome to the MySQL monitor.  Commands end with ; or \g.
Your MySQL connection id is 6925
Server version: 8.0.22 MySQL Community Server - GPL

Copyright (c) 2000, 2020, Oracle and/or its affiliates. All rights reserved.

Oracle is a registered trademark of Oracle Corporation and/or its
affiliates. Other names may be trademarks of their respective
owners.

Type 'help;' or '\h' for help. Type '\c' to clear the current input statement.

mysql> use kruszewskim
Reading table information for completion of table and column names
You can turn off this feature to get a quicker startup with -A

Database changed
mysql> show databases;
+--------------------+
| Database           |
+--------------------+
| information_schema |
| kruszewskim        |
| wikingowie         |
+--------------------+
3 rows in set (0.01 sec)

mysql> use wikingowie;
Reading table information for completion of table and column names
You can turn off this feature to get a quicker startup with -A

Database changed
mysql> desc wikingowie;
ERROR 1146 (42S02): Table 'wikingowie.wikingowie' doesn't exist
mysql> show tables;
+----------------------+
| Tables_in_wikingowie |
+----------------------+
| ekwipunek            |
| etapy_wyprawy        |
| kreatura             |
| sektor               |
| uczestnicy           |
| wyprawa              |
| zasob                |
+----------------------+
7 rows in set (0.01 sec)

mysql> select kreatura.nazwa, ekwipunek.idZasobu from kreatura join ekwipunek on ekwipunek.idKreatury = kreatura.idKreatury;
+-----------+----------+
| nazwa     | idZasobu |
+-----------+----------+
| Bjorn     |        1 |
| Bjorn     |       10 |
| Bjorn     |       14 |
| Bjorn     |       15 |
| Bjorn     |        2 |
| Brutal    |        2 |
| Brutal    |        4 |
| Bjorn     |       23 |
| Bjorn     |       18 |
| Astrid    |        1 |
| Khorad    |       17 |
| Ibra      |       16 |
| Ibra      |       19 |
| Tesciowa  |       25 |
| Tesciowa  |       27 |
| Tesciowa  |       24 |
| Tesciowa  |       26 |
| Astrid    |       20 |
| Defgard   |       17 |
| Bjolkolur |       21 |
| Drozd     |       13 |
| Bjolkolur |       22 |
| Szczeki   |        9 |
| Defgard   |        2 |
| Defgard   |       21 |
| Defgard   |       16 |
| Astrid    |       13 |
+-----------+----------+
27 rows in set (0.00 sec)

mysql> select idZasobu, ilosc from kreatura join ekwipunek on kreatura.idKreatury = ekwipunek.idKreatury;
+----------+-------+
| idZasobu | ilosc |
+----------+-------+
|        1 |     2 |
|       10 |     1 |
|       14 |     3 |
|       15 |    53 |
|        2 |     3 |
|        2 |     2 |
|        4 |     2 |
|       23 |     1 |
|       18 |     1 |
|        1 |     4 |
|       17 |     1 |
|       16 |     1 |
|       19 |     1 |
|       25 |     2 |
|       27 |     1 |
|       24 |     1 |
|       26 |     1 |
|       20 |     1 |
|       17 |     2 |
|       21 |     2 |
|       13 |     1 |
|       22 |    10 |
|        9 |     1 |
|        2 |     2 |
|       21 |    50 |
|       16 |     1 |
|       13 |     1 |
+----------+-------+
27 rows in set (0.00 sec)

mysql> select idZasobu, ilosc from kreatura join ekwipunek on kreatura.idKreatury = ekwipunek.idKreatury where kreatura.idKreatury = 1;
+----------+-------+
| idZasobu | ilosc |
+----------+-------+
|        1 |     2 |
|       10 |     1 |
|       14 |     3 |
|       15 |    53 |
|        2 |     3 |
|       23 |     1 |
|       18 |     1 |
+----------+-------+
7 rows in set (0.00 sec)

mysql> select idZasobu, ilosc from kreatura join ekwipunek on kreatura.idKreatury = ekwipunek.idKreatury where kreatura.idKreatury = 1 or 3 or 5;
+----------+-------+
| idZasobu | ilosc |
+----------+-------+
|        1 |     2 |
|       10 |     1 |
|       14 |     3 |
|       15 |    53 |
|        2 |     3 |
|        2 |     2 |
|        4 |     2 |
|       23 |     1 |
|       18 |     1 |
|        1 |     4 |
|       17 |     1 |
|       16 |     1 |
|       19 |     1 |
|       25 |     2 |
|       27 |     1 |
|       24 |     1 |
|       26 |     1 |
|       20 |     1 |
|       17 |     2 |
|       21 |     2 |
|       13 |     1 |
|       22 |    10 |
|        9 |     1 |
|        2 |     2 |
|       21 |    50 |
|       16 |     1 |
|       13 |     1 |
+----------+-------+
27 rows in set (0.00 sec)

mysql> select kreatura.idKreatury, idZasobu, ilosc from kreatura join ekwipunek on kreatura.idKreatury = ekwipunek.idKreatury where kreatura.idKreatury = 1 or kreatura.idKreatury = 3 or kreatura.idKreatury = 5;
+------------+----------+-------+
| idKreatury | idZasobu | ilosc |
+------------+----------+-------+
|          1 |        1 |     2 |
|          1 |       10 |     1 |
|          1 |       14 |     3 |
|          1 |       15 |    53 |
|          1 |        2 |     3 |
|          1 |       23 |     1 |
|          1 |       18 |     1 |
|          3 |       17 |     1 |
|          5 |       17 |     2 |
|          5 |        2 |     2 |
|          5 |       21 |    50 |
|          5 |       16 |     1 |
+------------+----------+-------+
12 rows in set (0.01 sec)
